roi-post-implementation-review | 价值评估：花了 2000 万，到底值不值？
disaster-recovery-plan-drill | 灾备演练：如果机房着火了，数据还在吗？
it-audit-compliance-segregation-of-duties | IT 审计：为什么上市前必须过这一关？
software-upgrade-dilemma | 版本升级：升还是不升？这是个问题
it-maintenance-support-strategy | 运维体系：系统上线了，顾问撤了，谁来管？
go-live-strategy-big-bang-vs-phased | 上线策略：一次性切换还是并行运行？
pmo-project-management-office-role | PMO：是管人的还是管事的？
user-training-best-practices | 用户培训：讲了一遍就会了吗？
data-migration-strategy | 数据迁移：搬家最怕扔东西
change-management-failure | 为什么 70% 的数字化转型死在“变革管理”？
carbon-footprint-competitiveness | 碳足迹：绿色制造是成本还是竞争力？
energy-management-system-cost-saving | 能源管理 (EMS)：一度电的精细化管理
manufacturing-intelligence-vs-bi | 制造智能 (MI)：比 BI 强在哪？
flexible-manufacturing-system-mass-customization | 柔性制造系统 (FMS)：如何一条线生产 100 种产品？
iiot-smart-manufacturing-myth | 工业物联网 (IIoT)：设备连上网就能叫智能制造吗？
lean-vs-mass-production | 精益生产 vs 大规模生产：矛盾吗？
digital-twin-hype-vs-reality | 数字孪生：是动画片还是生产力？
quality-is-manufactured-not-inspected | 质量是检测出来的，还是生产出来的？
predictive-maintenance-why-fix-if-not-broken | 预测性维护：设备还没坏，为什么要修？
mes-implementation-dilemma | MES 上了很重，不上很痛，到底怎么办？
bullwhip-effect-supply-chain-collaboration | 供应链协同：如何消灭“牛鞭效应”？
reverse-logistics-nightmare | 退货流程为什么比发货流程难 10 倍？
vmi-consignment-inventory | 寄售库存 (VMI)：能不能让供应商帮我背库存？
aps-advanced-scheduling-scam | APS（高级排程）是不是智商税？
kitting-rate-vs-on-time-delivery | 为什么“齐套率”比“准时交货率”更重要？
sales-forecast-accuracy-dilemma | 销售预测永远不准，还要不要做？
supplier-relationship-management-beyond-price | 供应商管理 (SRM)：除了杀价，还能管什么？
safety-stock-insurance-or-waste | 安全库存到底是“安全”还是“浪费”？
causes-of-obsolete-inventory | 呆滞料（长库龄库存）是怎么产生的？
inventory-turnover-importance | 为什么库存周转率是供应链的第一指标？
treasury-management-money-makes-money | 资金管理 (TMS)：如何让钱生钱？
excel-budgeting-nightmare | 还在用 Excel 做预算？你Out了
electronic-accounting-archives | “电子会计档案”是不是伪需求？
mobile-expense-reimbursement | 移动化报销：如何平衡“方便”与“合规”？
approval-workflow-complexity | 审批流越复杂越好，还是越简单越好？
roi-of-financial-integration | 业财一体化的投入产出比 (ROI) 到底怎么算？
post-accounting-to-pre-control | 从“事后核算”到“事前控制”，企业要经历哪几步？
cio-vs-cfo-lead-integration | 业财一体化项目，CIO 和 CFO 谁来主导？
financial-vs-business-data-mismatch | 财务数据和业务数据为什么永远对不上？
financial-business-integration-ceo-project | 为什么说“业财一体化”是 CEO 的一把手工程？
when-to-cut-losses-erp | ERP 项目什么时候该果断止损？
erp-readiness-assessment | 企业如何判断自己是否准备好上 ERP？
erp-budget-overrun-reasons | ERP 预算最容易失控的原因是什么？
no-impulse-decisions-in-erp | 为什么 ERP 项目不适合“拍脑袋决策”？
dangerous-promises-in-erp-projects | ERP 项目中，哪些承诺最危险？
selection-more-important-than-implementation | 为什么 ERP 选型比实施更重要？
signs-of-erp-failure | ERP 项目失败前，通常会出现哪些信号？
why-early-erp-is-not-always-better | 为什么 ERP 不是“越早上越好”？
5-overlooked-erp-selection-risks | ERP 选型最容易忽略的 5 个风险
when-not-to-implement-erp | 企业什么时候不应该上 ERP？
erp-maintenance-risks | ERP 运维阶段最容易被忽视的风险是什么？
dingtalk-erp-integration-challenges | 钉钉 / 协同系统和 ERP 打通，最难的是什么？
when-to-pause-erp-project | 什么时候应该停下 ERP 项目重新评估？
why-erp-projects-stall-late-stage | 为什么 ERP 项目越到后期越难推进？
points-to-reject-during-implementation | ERP 实施中，哪些问题一定要当场拒绝？
capability-vs-feasibility | 为什么“能做”和“该不该做”是两回事？
system-integration-failure-points | 系统集成失败通常发生在哪一步？
underestimated-erp-tasks | ERP 项目最容易被低估的工作是什么？
requirements-to-avoid-customization | 哪些需求不应该通过二次开发解决？
erp-customization-solution-or-trap | ERP 二次开发到底是解法还是陷阱？
yonsuite-for-high-growth-companies | YonSuite 是否适合高速增长型企业？
migration-risks-u8-to-yonsuite | 从 U8/NC 迁移到 YonSuite，风险点有哪些？
yonsuite-implementation-delay-reasons | YonSuite 实施周期为什么容易失控？
is-customization-necessary | 用友系统一定要二次开发吗？
yonsuite-implementation-failure-steps | YonSuite 上线失败，通常失败在哪一步？
yonbip-management-solutions | YonBIP 更适合解决哪些管理问题？
cloud-erp-complex-org-support | 云 ERP 能不能支撑复杂组织？
yonsuite-vs-traditional-erp | YonSuite 和传统 ERP 的本质差异是什么？
who-should-not-use-yonsuite | 什么样的企业不适合用 YonSuite？
yonsuite-suitable-organizations | 用友 YonSuite 适合哪些组织形态？
management-perspective-gap | 管理层想要的经营视角，系统为什么给不了？
multi-profit-center-integration | 多利润中心企业，业财一体化怎么落地？
when-integration-becomes-complex | 什么时候业财一体化会“越做越复杂”？
is-finance-system-upgrade-enough | 业财一体化是不是财务系统升级就够了？
why-finance-cant-see-business-reality | 为什么财务看不清真实经营结果？
budget-failure-execution | 预算为什么在执行阶段失效？
erp-live-data-inaccurate | ERP 已上线，为什么经营数据还是不准？
business-fast-finance-slow | 为什么业务跑得很快，财务却永远在后面？
root-cause-of-integration-failure | 业财一体化失败，最常见的根本原因是什么？
business-finance-integration-failure-reasons | 为什么企业总是做不好业财一体化？
organize-before-digitize | 什么时候应该先管组织，而不是先上系统？
erp-amplifies-management-issues | 为什么 ERP 更容易放大管理问题？
three-things-before-erp | ERP 实施前，组织必须先想清楚哪 3 件事？
unclear-process-risk | 为什么“流程不清”，是 ERP 最大的风险？
multi-org-system-chaos | 多组织企业为什么系统越多越乱？
erp-increases-organizational-friction | 为什么 ERP 上线后，组织摩擦反而更多？
unclear-rules-erp-disaster | 管理规则不清晰，上 ERP 会发生什么？
system-vs-management-boundaries | 系统能不能替代管理？边界在哪里？
organizational-issues-cannot-be-solved-by-system | 为什么组织管理问题，上什么系统都没用？
why-erp-projects-fail-not-software | 为什么 ERP 项目失败，往往不是系统问题？
yonyou-shanghai-agent-boran | 用友上海优秀代理商--泊冉软件介绍
chip-testing-digital-transformation | 芯片测试行业如何守住“毛利生死线”？从混料焦虑到精密对账
